{"cameraMode":{"drawMode":0,"name":"Shaded","section":"Shading Mode"},"sceneLighting":false,"audioPlay":false,"sceneViewState":{"m_AlwaysRefresh":false,"showFog":true,"showSkybox":false,"showFlares":true,"showImageEffects":true,"showParticleSystems":true,"showVisualEffectGraphs":true,"m_FxEnabled":true},"in2DMode":false,"pivot":{"x":-0.10789081454277039,"y":-0.005797876510769129,"z":0.09932972490787506},"rotation":{"x":-0.20418637990951539,"y":0.04021861404180527,"z":-0.00839446671307087,"w":-0.9780657291412354},"size":0.4945458173751831,"orthographic":false}