{"cameraMode":{"drawMode":0,"name":"Shaded","section":"Shading Mode"},"sceneLighting":true,"audioPlay":false,"sceneViewState":{"m_AlwaysRefresh":false,"showFog":true,"showSkybox":false,"showFlares":true,"showImageEffects":true,"showParticleSystems":true,"showVisualEffectGraphs":true,"m_FxEnabled":true},"in2DMode":false,"pivot":{"x":-9.552430152893067,"y":1.5537370443344117,"z":0.46112653613090517},"rotation":{"x":-0.18286274373531342,"y":0.009725856594741345,"z":-0.0019128805724903942,"w":-0.9831463098526001},"size":20.624595642089845,"orthographic":false}