{"cameraMode":{"drawMode":0,"name":"Shaded","section":"Shading Mode"},"sceneLighting":false,"audioPlay":false,"sceneViewState":{"m_AlwaysRefresh":false,"showFog":true,"showSkybox":false,"showFlares":true,"showImageEffects":true,"showParticleSystems":true,"showVisualEffectGraphs":true,"m_FxEnabled":true},"in2DMode":false,"pivot":{"x":0.002403944730758667,"y":-0.058871716260910037,"z":-0.011981666088104248},"rotation":{"x":0.05689793452620506,"y":-0.8645753264427185,"z":0.10057446360588074,"w":0.4890594184398651},"size":0.6143285036087036,"orthographic":false}