{"cameraMode":{"drawMode":0,"name":"Shaded","section":"Shading Mode"},"sceneLighting":false,"audioPlay":false,"sceneViewState":{"m_AlwaysRefresh":false,"showFog":true,"showSkybox":false,"showFlares":true,"showImageEffects":true,"showParticleSystems":true,"showVisualEffectGraphs":true,"m_FxEnabled":true},"in2DMode":false,"pivot":{"x":6.523672103881836,"y":31.84769058227539,"z":-31.140535354614259},"rotation":{"x":-0.5732821226119995,"y":-0.0038970368914306165,"z":0.0027804295532405378,"w":-0.8193658590316773},"size":26.359460830688478,"orthographic":false}